<?xml version="1.0" encoding="UTF-8"?>
<project-private xmlns="http://www.netbeans.org/ns/project-private/1">
    <editor-bookmarks xmlns="http://www.netbeans.org/ns/editor-bookmarks/2" lastBookmarkId="0"/>
    <open-files xmlns="http://www.netbeans.org/ns/projectui-open-files/2">
        <group>
            <file>file:/C:/Users/Salih/Documents/NetBeansProjects/BBM487_Project/src/Course.java</file>
            <file>file:/C:/Users/Salih/Documents/NetBeansProjects/BBM487_Project/src/BBM482_ES.java</file>
            <file>file:/C:/Users/Salih/Documents/NetBeansProjects/BBM487_Project/src/Functions.java</file>
            <file>file:/C:/Users/Salih/Documents/NetBeansProjects/BBM487_Project/src/Student.java</file>
            <file>file:/C:/Users/Salih/Documents/NetBeansProjects/BBM487_Project/src/Academic.java</file>
        </group>
    </open-files>
</project-private>
